id;name;username;username_verified;private_email;private_verified;language;license;active;password;created;updated
1;spur;between idolized;false;well-worn atop;false;ES;wrist yearningly expert;true;yahoo haggle supposing;2023-12-20T08:42:05;2023-12-20T05:22:00
2;amongst;astride how;true;colorfully;true;ES;stupendous;false;dependable;2023-12-20T01:37:32;2023-12-20T15:40:50
3;underneath truthfully;restfully land;true;emotional oh so;false;EN;aside trench as;false;when curiously;2023-12-20T14:56:07;2023-12-20T07:30:24
4;glistening to;dimly zowie excluding;false;amid yum where;false;DE;seed upwardly ouch;false;even up star;2023-12-19T19:42:31;2023-12-20T00:50:45
5;yippee mink pilfer;yahoo filch pervert;true;petal icky particular;false;DE;ugh many rotten;false;for clever degenerate;2023-12-20T10:41:41;2023-12-20T05:06:51
6;portfolio swiftly phooey;bruise temporise;false;aha amid;false;EN;plus;true;inquisitively transact;2023-12-20T01:52:14;2023-12-20T00:10:37
7;warmly eek bleak;underneath;false;inasmuch;true;ES;instead;true;yahoo sweaty;2023-12-20T11:29:06;2023-12-20T16:55:57
8;rapidly;um who accommodation;true;alongside;false;DE;instruct fame;false;ha;2023-12-20T03:54:00;2023-12-20T10:39:17
9;save;versus since crouch;true;rouge wilted;true;EN;uh-huh;true;upbeat;2023-12-20T18:01:43;2023-12-20T07:35:31
10;scrounge unrealistic;busily prophesy queasily;true;at coincide;true;DE;potentially geez notwithstanding;true;majestic;2023-12-20T07:29:00;2023-12-19T20:13:48
