id;code;title;duration;language;tags;player;thumbnail;url;audience;intensity;filename;description;created;released;archived
1;facsimile noteworthy;personify;2419;DE;collateral obnoxiously chain;PEECKO;provided negative elementary;https://cluttered-liquor.name;off;BEGINNER;brr round;peel aha consequently;2023-12-19T20:13:33;2023-12-19T22:26:37;2023-12-20T16:22:56
2;suborn oh across;without mechanically reoccur;4669;FR;reciprocate;YOUTUBE;beyond well;https://vigilant-insurgence.info/;pivot;BEGINNER;next;bitterly;2023-12-20T16:16:28;2023-12-19T20:53:26;2023-12-20T08:08:56
3;extraneous;triumphantly alongside yowza;23733;ES;as;PEECKO;side distract;https://fumbling-thread.name;geez;BEGINNER;pirate;factory overconfidently around;2023-12-20T00:54:04;2023-12-20T01:53:53;2023-12-19T21:56:35
4;faint operator urgently;consequently;3654;ES;gosh pish pish;PEECKO;psst;https://quarterly-agreement.biz/;fatten scamper sticky;BEGINNER;candid palm;boo;2023-12-20T13:37:14;2023-12-20T11:50:10;2023-12-20T00:45:51
5;accountant;verdict;16593;EN;sever;PEECKO;mushy sentimentalise quizzically;https://far-off-bloodflow.name;electric suspiciously oof;INTERMEDIATE;flume explicate excepting;amongst;2023-12-20T12:23:59;2023-12-20T04:54:18;2023-12-20T03:19:16
6;wimp green;since separately;32286;FR;gadzooks whereas brr;PEECKO;pfft;https://trivial-gym.org/;true huzzah;INTERMEDIATE;near;scent integrate likewise;2023-12-20T05:24:26;2023-12-20T10:39:20;2023-12-20T02:40:52
7;grotesque at tough;pick supposing;28448;ES;energise jeopardize;YOUTUBE;slip dip naturalize;https://anguished-quartet.biz;grit yearly yet;ADVANCED;pricey carpeting fooey;solidly;2023-12-20T01:16:38;2023-12-20T04:46:16;2023-12-20T15:08:44
8;group ladle;what reuse out;29179;DE;onto tall;YOUTUBE;liquid up;https://offensive-trapezoid.com/;actually;INTERMEDIATE;likely clearly;fast gracious;2023-12-20T14:46:21;2023-12-20T05:27:02;2023-12-20T08:10:55
9;aside and on;meh;9504;ES;emerald;PEECKO;positive long;https://velvety-close.org;unless;ADVANCED;impractical once aha;unabashedly;2023-12-20T03:15:51;2023-12-19T19:53:49;2023-12-20T15:56:32
10;quietly;limping even tremendously;22834;FR;save;YOUTUBE;flashy actually skim;https://married-flan.biz;promenade woot;INTERMEDIATE;ew reorganise fossick;er;2023-12-19T21:11:59;2023-12-20T16:47:25;2023-12-20T04:13:12
